[
    {
        "className": "NormalHouse",
        "name": "House",
        "description": "Your citizens will certainly appreciate a roof above their heads.",
        "food": 0,
        "wood": 4,
        "stone": 4,
        "machineParts": 0,
        "knowledge": 0,
        "category": "Houses",
        "unlockedByDefault": true,
        "specialInfo": [],
        "residents": 4,
        "quality": 50
    },
    {
        "className": "AlienHouse",
        "name": "Alien House",
        "description": "Five people can live in this strange home full of otherworldly technology.",
        "food": 10,
        "wood": 5,
        "stone": 0,
        "machineParts": 0,
        "knowledge": 0,
        "category": "Houses",
        "unlockedByDefault": false,
        "specialInfo": [],
        "residents": 5,
        "quality": 55
    },
    {
        "className": "ModernRusticHome",
        "name": "Modern Rustic Home",
        "description": "This rustic-looking house makes people think of Earth. The housing quality is increased by 15 if there are at least three other modern rustic homes or parks next to it.",
        "food": 7,
        "wood": 10,
        "stone": 4,
        "knowledge": 10,
        "category": "Houses",
        "unlockedByDefault": true,
        "specialInfo": [],
        "residents": 2,
        "quality": 70,
        "tooltipBottomIconInfo": [
            {
                "text": "Range for quality increase check",
                "texture": "spr_bonusrange_plus" 
            }
        ]
    },
    {
        "className": "MechanicalHouse",
        "name": "Mechanical House",
        "description": "The mechanics and heating of this house need a Machine Parts Factory to function. The housing quality is increased by 50 if there is one next to it.",
        "food": 0,
        "wood": 10,
        "stone": 2,
        "machineParts": 2,
        "refinedMetal": 0,
        "computerChips": 0,
        "knowledge": 35,
        "category": "Houses",
        "unlockedByDefault": false,
        "specialInfo": [],
        "residents": 4,
        "quality": 30,
        "tooltipBottomIconInfo": [
            {
                "text": "Range for quality increase check",
                "texture": "spr_bonusrange_plus" 
            }
        ],
        "showUnlockHint": "Build at least three Machine Parts Factories to unlock!"
    },
    {
        "className": "SpaciousHouse",
        "name": "Spacious House",
        "description": "A modern house with lots of space.",
        "food": 0,
        "wood": 4,
        "stone": 0,
        "machineParts": 0,
        "refinedMetal": 10,
        "computerChips": 0,
        "knowledge": 100,
        "category": "Houses",
        "unlockedByDefault": false,
        "specialInfo": [],
        "residents": 6,
        "quality": 60
    },
    {
        "className": "CuttingEdgeHome",
        "name": "Cutting-Edge House",
        "description": "A hypermodern home filled with technology.",
        "food": 0,
        "wood": 2,
        "stone": 0,
        "machineParts": 2,
        "refinedMetal": 4,
        "computerChips": 1,
        "knowledge": 500,
        "category": "Houses",
        "unlockedByDefault": false,
        "specialInfo": [],
        "residents": 4,
        "quality": 75,
        "showUnlockHint": "Build the Living Research Center to unlock!"
    },
    {
        "className": "ParkPod",
        "name": "Park Pod",
        "description": "A home in the middle of a park.",
        "food": 0,
        "wood": 50,
        "stone": 0,
        "machineParts": 0,
        "refinedMetal": 0,
        "computerChips": 0,
        "knowledge": 300,
        "category": "Houses",
        "unlockedByDefault": false,
        "specialInfo": [],
        "residents": 1,
        "quality": 100,
        "buttonBack": "spr_parkpod_buttonback"
    },
    {
        "className": "TinkerersHome",
        "name": "Tinkerers' House",
        "description": "This house is designed for makers and inventors. Residents earn extra education.",
        "food": 0,
        "wood": 100,
        "stone": 10,
        "machineParts": 20,
        "refinedMetal": 0,
        "computerChips": 2,
        "knowledge": 2000,
        "category": "Houses",
        "unlockedByDefault": false,
        "specialInfo": [],
        "residents": 4,
        "quality": 80
    },
    {
        "className": "FarmHouse",
        "name": "Community House",
        "description": "This house gives a strong sense of community. Produces a small amount of food, wood or stone for each resident. Most upgrades don't apply to this production.",
        "food": 100,
        "wood": 100,
        "stone": 100,
        "machineParts": 30,
        "refinedMetal": 10,
        "knowledge": 7500,
        "category": "Houses",
        "unlockedByDefault": false,
        "specialInfo": [],
        "residents": 5,
        "quality": 85,
        "buttonBack": "spr_communityhouse_buttonback"
    },
    {
        "className": "BlossomHut",
        "name": "Blossum Hut",
        "description": "Residents of this hut will really flourish!",
        "food": 100,
        "wood": 200,
        "stone": 0,
        "machineParts": 0,
        "refinedMetal": 0,
        "knowledge": 1500,
        "category": "Houses",
        "unlockedByDefault": false,
        "specialInfo": [],
        "residents": 2,
        "quality": 100,
        "buttonBack": "spr_bloomhut_buttonback",
        "showUnlockHint": "Build ten blossom restaurants to unlock!"
    },
    {
        "className": "Villa",
        "name": "Villa",
        "description": "A luxurious, modern villa complete with a private teleporter.",
        "food": 1000,
        "wood": 1000,
        "stone": 0,
        "machineParts": 20,
        "refinedMetal": 40,
        "computerChips": 16,
        "knowledge": 5000,
        "category": "Houses",
        "unlockedByDefault": false,
        "specialInfo": [],
        "residents": 5,
        "quality": 100
    },
    {
        "className": "FlowerPenthouse",
        "name": "Flower Penthouse",
        "description": "A lavish rooftop house. It makes residents live longer. It also comes with a private teleporter.",
        "food": 2000,
        "wood": 3000,
        "stone": 0,
        "machineParts": 20,
        "refinedMetal": 50,
        "computerChips": 16,
        "knowledge": 100000,
        "category": "Houses",
        "unlockedByDefault": false,
        "residents": 4,
        "quality": 100,
        "specialInfo": ["rooftop"]
    },
    {
        "className": "LandingSite",
        "name": "Landing Pad",
        "description": "The landing pad works like a bus stop in space. People can take a space ship from here to other landing pads. Can only be placed on the ground or on a rooftop.",
        "food": 0,
        "wood": 5,
        "stone": 10,
        "machineParts": 20,
        "knowledge": 50,
        "category": "Transportation",
        "unlockedByDefault": true,
        "specialInfo": ["rooftop"]
    },
    {
        "className": "LandedExplorationShip",
        "name": "Landed Exploration Ship",
        "description": "Living in this exploration ship may not be very comfortable, but it's certainly very adventurous! Can only be placed on the ground or on a rooftop.",
        "food": 0,
        "wood": 5,
        "stone": 10,
        "machineParts": 5,
        "knowledge": 0,
        "category": "Houses",
        "unlockedByDefault": false,
        "specialInfo": [
            "rooftop",
            "unique"
        ],
        "residents": 3
    },
    {
        "className": "HyperElevator",
        "name": "Hyper Elevator",
        "description": "Allows citizens to quickly go to elevators above and below in the same contiguous building. There may be other buildings in between the elevators.",
        "food": 0,
        "wood": 0,
        "stone": 0,
        "refinedMetal": 5,
        "machineParts": 25,
        "knowledge": 200,
        "category": "Transportation",
        "unlockedByDefault": false,
        "specialInfo": [],
        "showUnlockHint": "Have at least 200 citizens to unlock!"
    },
    {
        "className": "Teleporter",
        "name": "Teleporter",
        "description": "The very fastest form of transportation. Allows citizens to instantly go to other teleporters.",
        "food": 0,
        "wood": 4,
        "stone": 100,
        "machineParts": 150,
        "computerChips": 15,
        "knowledge": 4000,
        "category": "Transportation",
        "unlockedByDefault": false,
        "specialInfo": []
    },
    {
        "className": "WoodcuttingCentre",
        "name": "Woodcutting Center",
        "description": "Woodcutters retrieve their materials here, then go to the nearest forest to cut wood.",
        "food": 0,
        "wood": 0,
        "stone": 4,
        "machineParts": 0,
        "knowledge": 0,
        "category": "Production",
        "unlockedByDefault": true,
        "specialInfo": [],
        "jobs": 4
    },
    {
        "className": "StoneMine",
        "name": "Stone Mine",
        "description": "Stone miners retrieve their materials here, then go to the nearest rock to mine stone.",
        "food": 0,
        "wood": 4,
        "stone": 0,
        "machineParts": 0,
        "knowledge": 0,
        "category": "Production",
        "unlockedByDefault": true,
        "specialInfo": [],
        "jobs": 6
    },
    {
        "className": "IndoorFarm",
        "name": "Indoor Farm",
        "description": "Crops can be grown here to produce food.",
        "food": 0,
        "wood": 6,
        "stone": 3,
        "machineParts": 0,
        "knowledge": 0,
        "category": "Production",
        "unlockedByDefault": true,
        "specialInfo": [],
        "jobs": 2,
        "buttonBack": "spr_indoorfarm_buttonback"
    },
    {
        "className": "ExplorationCentre",
        "name": "Exploration Center",
        "description": "Explore alien ruins to gain knowledge, resources and special bonuses. When all ruins have been explored, workers will investigate their findings to gain more knowledge.",
        "food": 0,
        "wood": 8,
        "stone": 4,
        "machineParts": 0,
        "knowledge": 0,
        "category": "Production",
        "unlockedByDefault": true,
        "specialInfo": [],
        "jobs": 3
    },
    {
        "className": "MachinePartsFactory",
        "name": "Machine Parts Factory",
        "description": "Produces machine parts from stone. Three stone is needed to make one machine part.",
        "food": 0,
        "wood": 10,
        "stone": 35,
        "machineParts": 0,
        "knowledge": 25,
        "category": "Production",
        "unlockedByDefault": true,
        "specialInfo": [],
        "jobs": 2
    },
    {
        "className": "Laboratory",
        "name": "Lab",
        "description": "Scientists gather knowledge here. Also has upgrades boosting adjacent farms and tree plantations.",
        "food": 0,
        "wood": 10,
        "stone": 10,
        "machineParts": 10,
        "knowledge": 0,
        "category": "Production",
        "unlockedByDefault": true,
        "specialInfo": [],
        "jobs": 2,
        "tooltipBottomIconInfo": [
            {
                "text": "Boost range for upgrades",
                "texture": "spr_bonusrange_plus" 
            }
        ]
    },
    {
        "className": "TreePlantation",
        "name": "Tree Plantation",
        "description": "These trees are kept in an optimal environment and regrow faster than trees on the world surface. Woodcutters from a Woodcutting Center can help cut them down.",
        "food": 0,
        "wood": 0,
        "stone": 10,
        "machineParts": 0,
        "knowledge": 30,
        "category": "Production",
        "unlockedByDefault": true,
        "specialInfo": [],
        "jobs": 2,
        "buttonBack": "spr_treeplantation_buttonback"
    },
    {
        "className": "StoneTeleporter",
        "name": "Rock Teleporter",
        "description": "Teleports meteoroids to your city. Miners from Stone Mines can then gather stone from them.",
        "food": 0,
        "wood": 30,
        "stone": 0,
        "machineParts": 30,
        "knowledge": 75,
        "refinedMetal": 0,
        "category": "Production",
        "unlockedByDefault": true,
        "specialInfo": [],
        "jobs": 1
    },
    {
        "className": "RefinedMetalFactory",
        "name": "Refined Metals Factory",
        "description": "Produces refined metals from stone. Five stone is needed to make one unit of refined metal.",
        "food": 0,
        "wood": 30,
        "stone": 90,
        "machineParts": 40,
        "knowledge": 150,
        "category": "Production",
        "unlockedByDefault": true,
        "specialInfo": [],
        "jobs": 2
    },
    {
        "className": "ComputerChipFactory",
        "name": "Computer Chip Factory",
        "description": "Produces computer chips from refined metals. Seven units of refined metals are needed to make one computer chip.!unlocks",
        "food": 0,
        "wood": 0,
        "stone": 200,
        "machineParts": 100,
        "refinedMetal": 20,
        "knowledge": 300,
        "category": "Production",
        "unlockedByDefault": false,
        "specialInfo": [],
        "jobs": 3
    },
    {
        "className": "EcoFarm",
        "name": "Eco Farm",
        "description": "Produces food sustainably. Also generates a small amount of nature entertainment happiness.",
        "food": 0,
        "wood": 10,
        "stone": 2,
        "machineParts": 0,
        "knowledge": 250,
        "category": "Production",
        "unlockedByDefault": false,
        "specialInfo": [],
        "jobs": 3,
        "showUnlockHint": "Build an Experimental Farm and ten Botanical Gardens to unlock!",
        "buttonBack": "spr_ecofarm_buttonback"
    },
    {
        "className": "FarmByProductProcessor",
        "name": "Farm By-Product Processor",
        "description": "Produces wood for each adjacent farm. Each farm only produces enough by-products for one By-Product Processor.",
        "food": 0,
        "wood": 200,
        "stone": 0,
        "machineParts": 100,
        "computerChips": 10,
        "knowledge": 10000,
        "category": "Production",
        "unlockedByDefault": false,
        "specialInfo": [],
        "jobs": 2,
        "tooltipBottomIconInfo": [
            {
                "text": "Processing Range",
                "texture": "spr_bonusrange_plus" 
            }
        ]
    },
    {
        "className": "ExperimentationLab",
        "name": "Experimentation Lab",
        "description": "Scientists experiment with machine parts here. You earn five knowledge for every machine part used. This knowledge production is faster than with normal labs.\nRefined Metal Factories above and below this building work faster and use 10% less stone per unit of refined metal.",
        "food": 0,
        "wood": 0,
        "stone": 0,
        "computerChips": 15,
        "machineParts": 100,
        "refinedMetal": 50,
        "knowledge": 5000,
        "category": "Production",
        "unlockedByDefault": false,
        "specialInfo": [],
        "jobs": 2,
        "tooltipBottomIconInfo": [
            {
                "text": "Boost Range",
                "texture": "spr_bonusrange_topbottom" 
            }
        ],
        "showUnlockHint": "Build twelve mechanical houses, ten refined metal factories and three computer chip factories to unlock!"
    },
    {
        "className": "CacaoFarm",
        "name": "Cacao Farm",
        "description": "Cacao is grown here. It can be used directly as food or to make chocolate.",
        "food": 0,
        "wood": 20,
        "stone": 5,
        "machineParts": 0,
        "knowledge": 500,
        "category": "Production",
        "unlockedByDefault": false,
        "specialInfo": [],
        "jobs": 2,
        "showUnlockHint": "(this building has been scrapped earlier in development)"
    },
    {
        "className": "ChocolateFactory",
        "name": "Chocolate Factory",
        "description": "This factory uses cacao to make chocolate.",
        "food": 0,
        "wood": 30,
        "stone": 20,
        "machineParts": 150,
        "knowledge": 600,
        "category": "Production",
        "unlockedByDefault": false,
        "specialInfo": [],
        "jobs": 2,
        "showUnlockHint": "(this building has been scrapped earlier in development)"
    },
    {
        "className": "School",
        "name": "School",
        "description": "Educates children, improving how effective they'll be at some jobs later.",
        "food": 0,
        "wood": 20,
        "stone": 10,
        "machineParts": 0,
        "knowledge": 0,
        "category": "Services",
        "unlockedByDefault": true,
        "specialInfo": [],
        "jobs": 1
    },
    {
        "className": "Library",
        "name": "Library",
        "description": "Improves the education of visitors of all ages.",
        "food": 0,
        "wood": 20,
        "stone": 10,
        "machineParts": 0,
        "knowledge": 0,
        "category": "Services",
        "unlockedByDefault": false,
        "specialInfo": [],
        "jobs": 1
    },
    {
        "className": "MedicalClinic",
        "name": "Medical Clinic",
        "description": "Helps people live longer and better.",
        "food": 0,
        "wood": 10,
        "stone": 50,
        "machineParts": 5,
        "refinedMetal": 20,
        "knowledge": 200,
        "category": "Services",
        "unlockedByDefault": true,
        "specialInfo": [],
        "jobs": 2,
        "showUnlockHint": "Build a Refined Metals Factory to unlock!"
    },
    {
        "className": "Pub",
        "name": "Pub",
        "description": "A great place for people to get together.",
        "food": 0,
        "wood": 15,
        "stone": 5,
        "machineParts": 0,
        "knowledge": 0,
        "category": "Entertainment",
        "unlockedByDefault": true,
        "specialInfo": [],
        "jobs": 1
    },
    {
        "className": "Restaurant",
        "name": "Restaurant",
        "description": "A cozy place with nice food.",
        "food": 10,
        "wood": 30,
        "stone": 10,
        "machineParts": 0,
        "knowledge": 10,
        "category": "Entertainment",
        "unlockedByDefault": false,
        "specialInfo": [],
        "jobs": 2,
        "showUnlockHint": "Build at least five Pubs to unlock!"
    },
    {
        "className": "FactoryPub",
        "name": "Factory Pub",
        "description": "A charming little pub that doubles up as a refined metals factory.\nIt can't be boosted by Experimentation Labs, though.",
        "food": 0,
        "wood": 200,
        "stone": 50,
        "machineParts": 50,
        "knowledge": 1000,
        "computerChips": 5,
        "category": "Entertainment",
        "unlockedByDefault": false,
        "specialInfo": [],
        "jobs": 2 
    },
    {
        "className": "BlossomRestaurant",
        "name": "Blossom Restaurant",
        "description": "Dine under the beautiful tree blossom! If you build multiple restaurants on top of each other, people can sit on tree branches.",
        "food": 500,
        "wood": 500,
        "stone": 0,
        "machineParts": 0,
        "knowledge": 2500,
        "category": "Entertainment",
        "unlockedByDefault": false,
        "specialInfo": [],
        "jobs": 1
    },
    {
        "className": "Park",
        "name": "Park",
        "description": "A nice place to relax.",
        "food": 0,
        "wood": 20,
        "stone": 0,
        "machineParts": 0,
        "knowledge": 5,
        "category": "Entertainment",
        "unlockedByDefault": true,
        "specialInfo": [],
        "buttonBack": "spr_park_buttonbg"
    },
    {
        "className": "BotanicalGardens",
        "name": "Botanical Gardens",
        "description": "A nice garden full of exotic plants.",
        "food": 0,
        "wood": 25,
        "stone": 0,
        "machineParts": 0,
        "knowledge": 100,
        "category": "Entertainment",
        "unlockedByDefault": false,
        "specialInfo": [],
        "buttonBack": "spr_botanicalgardens_buttonback",
        "showUnlockHint": "Build at least ten Parks and five Labs to unlock!"
    },
    {
        "className": "Aquarium",
        "name": "Aquarium",
        "description": "Dive in and swim with the fish!",
        "food": 0,
        "wood": 0,
        "stone": 0,
        "machineParts": 0,
        "knowledge": 0,
        "category": "Entertainment",
        "unlockedByDefault": false,
        "specialInfo": [],
        "buttonBack": "spr_botanicalgardens_buttonback",
        "showUnlockHint": "(it is not possible to unlock this building right now)"
    },
    {
        "className": "NightClub",
        "name": "Nightclub",
        "description": "Some people will have a lot of fun in this nightclub.",
        "food": 0,
        "wood": 20,
        "stone": 60,
        "machineParts": 20,
        "knowledge": 50,
        "category": "Entertainment",
        "unlockedByDefault": true,
        "specialInfo": [],
        "jobs": 1
    },
    {
        "className": "ScrapyardNightClub",
        "name": "Scrapyard Nightclub",
        "description": "A nightclub full of strange luminous machines.",
        "food": 0,
        "wood": 500,
        "stone": 0,
        "machineParts": 250,
        "computerChips": 10,
        "refinedMetal": 50,
        "knowledge": 2000,
        "category": "Entertainment",
        "unlockedByDefault": false,
        "specialInfo": [],
        "jobs": 1,
        "buttonBack": "spr_synightclub_bg"
    },
    {
        "className": "ModernArtMuseum",
        "name": "Modern Art Museum",
        "description": "Abstract art by upcoming artists.",
        "food": 0,
        "wood": 40,
        "stone": 40,
        "machineParts": 0,
        "knowledge": 100,
        "refinedMetal": 10,
        "category": "Entertainment",
        "unlockedByDefault": true,
        "specialInfo": [],
        "jobs": 1,
        "buttonBack": "spr_modernartmuseum_buttonback",
        "showUnlockHint": "Build a Refined Metals Factory to unlock!"
    },
    {
        "className": "StatueGarden",
        "name": "Sculpture Garden",
        "description": "A garden filled with art.",
        "food": 0,
        "wood": 60,
        "stone": 40,
        "machineParts": 0,
        "knowledge": 1000,
        "refinedMetal": 5,
        "category": "Entertainment",
        "unlockedByDefault": false,
        "specialInfo": [],
        "buttonBack": "spr_statuegarden_buttonback"
    },
    {
        "className": "BoardGameStore",
        "name": "Board Game Store",
        "description": "People love to play board games together.",
        "food": 0,
        "wood": 15,
        "stone": 5,
        "machineParts": 0,
        "refinedMetal": 0,
        "computerChips": 0,
        "knowledge": 50,
        "category": "Entertainment",
        "unlockedByDefault": false,
        "specialInfo": [],
        "jobs": 1,
        "showUnlockHint": "(this building has been scrapped earlier in development)"
    },
    {
        "className": "Arcade",
        "name": "Arcade",
        "description": "Fun games for the whole family.",
        "food": 0,
        "wood": 20,
        "stone": 100,
        "machineParts": 10,
        "refinedMetal": 20,
        "computerChips": 5,
        "knowledge": 300,
        "category": "Entertainment",
        "unlockedByDefault": true,
        "specialInfo": [],
        "jobs": 1,
        "showUnlockHint": "Build a Computer Chip Factory to unlock!"
    },
    {
        "className": "HoloGameHall",
        "name": "Holo Game Hall",
        "description": "Bring gaming into the future!",
        "food": 0,
        "wood": 100,
        "stone": 500,
        "machineParts": 50,
        "refinedMetal": 0,
        "computerChips": 40,
        "knowledge": 10000,
        "category": "Entertainment",
        "unlockedByDefault": false,
        "specialInfo": []
    },
    {
        "className": "Workshop",
        "name": "Workshop",
        "description": "Makes all machine parts factories in your city work faster. Also, workers can gather knowledge or produce machine parts from wood.",
        "food": 0,
        "wood": 60,
        "stone": 0,
        "machineParts": 0,
        "refinedMetal": 0,
        "computerChips": 0,
        "knowledge": 30,
        "category": "Unique Buildings",
        "unlockedByDefault": true,
        "specialInfo": [
            "unique"
        ],
        "jobs": 2
    },
    {
        "className": "ExperimentalFarm",
        "name": "Experimental Farm",
        "description": "Food is produced here. Also slightly increases the growth speed of crops in indoor farms.",
        "food": 0,
        "wood": 60,
        "stone": 30,
        "machineParts": 5,
        "refinedMetal": 0,
        "computerChips": 0,
        "knowledge": 50,
        "category": "Unique Buildings",
        "unlockedByDefault": true,
        "specialInfo": [
            "unique"
        ],
        "jobs": 3,
        "buttonBack": "spr_experimentalfarm_buttonback"
    },
    {
        "className": "Observatory",
        "name": "Observatory",
        "description": "Produces knowledge. Can only be placed on the ground or on a rooftop.",
        "food": 0,
        "wood": 30,
        "stone": 40,
        "machineParts": 40,
        "refinedMetal": 0,
        "computerChips": 0,
        "knowledge": 75,
        "category": "Unique Buildings",
        "unlockedByDefault": true,
        "specialInfo": [
            "unique",
            "rooftop"
        ],
        "jobs": 3
    },
    {
        "className": "ArtColony",
        "name": "Art Colony",
        "description": "A house full of creativity. Generates art entertainment happiness.",
        "food": 0,
        "wood": 90,
        "stone": 10,
        "machineParts": 0,
        "refinedMetal": 0,
        "computerChips": 0,
        "knowledge": 125,
        "category": "Unique Buildings",
        "unlockedByDefault": false,
        "specialInfo": [
            "unique"
        ],
        "residents": 5,
        "quality": 100,
        "jobs": 5,
        "showUnlockHint": "Build at least three Modern Art Museums to unlock!",
        "buttonBack": "spr_artcolony_buttonback"
    },
    {
        "className": "StoneResearchCenter",
        "name": "Mining Research Center",
        "description": "Boosts stone production based on your knowledge production and the number of workers.",
        "food": 0,
        "wood": 500,
        "stone": 0,
        "machineParts": 30,
        "refinedMetal": 10,
        "computerChips": 0,
        "knowledge": 750,
        "jobs": 4,
        "category": "Unique Buildings",
        "unlockedByDefault": false,
        "specialInfo": ["unique"],
        "showUnlockHint": "Build at least 15 Stone Mines and three Rock Teleporters to unlock!",
        "additionalNoteForPeopleReadingThis": "You also need a Refined Metal Factory!"
    },
    {
        "className": "ComputerResearchCenter",
        "name": "Computing Research Center",
        "description": "Produces knowledge and allows you to research and build Computer Chip Factories.",
        "food": 0,
        "wood": 0,
        "stone": 100,
        "machineParts": 40,
        "refinedMetal": 30,
        "computerChips": 0,
        "knowledge": 300,
        "category": "Unique Buildings",
        "unlockedByDefault": false,
        "specialInfo": [
            "unique"
        ],
        "jobs": 5,
        "showUnlockHint": "Build at least five Labs and a Refined Metal Factory to unlock!"
    },
    {
        "className": "LivingResearchCenter",
        "name": "Living Research Center",
        "description": "Upgrades for homes can be researched here. Also houses two people and produces knowledge.",
        "food": 0,
        "wood": 100,
        "stone": 100,
        "machineParts": 5,
        "refinedMetal": 25,
        "computerChips": 1,
        "knowledge": 250,
        "category": "Unique Buildings",
        "unlockedByDefault": false,
        "specialInfo": [
            "unique"
        ],
        "residents": 2,
        "quality": 100,
        "jobs": 6,
        "showUnlockHint": "Have at least 200 citizens with homes to unlock!"
    },
    {
        "className": "HackerHQ",
        "name": "Hackers of the Bolt HQ",
        "description": "These hardware hackers are actually really nice and helpful.\nThey spend most of their days tinkering around with computers and electronics. Some of their inventions are more useful than others.",
        "food": 0,
        "wood": 1000,
        "stone": 0,
        "machineParts": 25,
        "refinedMetal": 100,
        "computerChips": 25,
        "knowledge": 2000,
        "category": "Unique Buildings",
        "unlockedByDefault": false,
        "specialInfo": [
            "unique"
        ],
        "residents": 6,
        "quality": 100,
        "jobs": 6,
        "showUnlockHint": "Build at least three Arcades to unlock!"
    },
    {
        "className": "AlienDecryptor",
        "name": "Alien Decryptor",
        "description": "A specialized computer built to decrypt alien secrets.",
        "food": 0,
        "wood": 0,
        "stone": 1000,
        "machineParts": 900,
        "refinedMetal": 300,
        "computerChips": 100,
        "knowledge": 3000,
        "category": "Unique Buildings",
        "unlockedByDefault": false,
        "specialInfo": [
            "unique"
        ]
    },
    {
        "className": "EscapeRoom",
        "name": "Lab Escape Room",
        "description": "A challenging lab-themed escape room, which generates gaming entertainment happiness. It also has lasers!",
        "food": 0,
        "wood": 1000,
        "stone": 0,
        "machineParts": 100,
        "refinedMetal": 500,
        "computerChips": 30,
        "knowledge": 7500,
        "category": "Unique Buildings",
        "unlockedByDefault": false,
        "specialInfo": [
            "unique"
        ],
        "jobs": 1
    },
    {
        "className": "Misdirector",
        "name": "Misdirector",
        "description": "Whenever someone uses a teleporter, there is a small chance they will be brought here instead. This will confuse them for a short while. This invention is not completely useless though: you will gain some knowledge each time.",
        "food": 0,
        "wood": 400,
        "stone": 10000,
        "machineParts": 500,
        "computerChips": 500,
        "knowledge": 30000,
        "category": "Unique Buildings",
        "unlockedByDefault": false,
        "specialInfo": [
            "unique"
        ]
    },
    {
        "className": "TheContraption",
        "name": "The Contraption",
        "description": ".",
        "food": 0,
        "wood": 20000,
        "stone": 20000,
        "machineParts": 5000,
        "refinedMetal": 100,
        "computerChips": 125,
        "knowledge": 12500,
        "category": "Unique Buildings",
        "unlockedByDefault": false,
        "specialInfo": [
            "unique"
        ],
        "additionalNoteForPeopleReadingThis": "Cancelled building."
    },
    {
        "className": "SecretSocietyHouse",
        "name": "Secret Society of the Key",
        "description": "The Secret Society of the Key requests a place of residence. It can then give you tasks that you would be honored to complete.",
        "food": 0,
        "wood": 3000,
        "stone": 1000,
        "machineParts": 25,
        "refinedMetal": 100,
        "computerChips": 5,
        "knowledge": 2000,
        "category": "Unique Buildings",
        "unlockedByDefault": false,
        "specialInfo": [
            "unique"
        ],
        "residents": 8,
        "quality": 75,
        "jobs": 8
    },
    {
        "className": "TheMachine",
        "name": "The Machine",
        "description": "Makes Secret Society of the Key members live forever. Also produces random resources every day.",
        "food": 20000,
        "wood": 10000,
        "stone": 5000,
        "machineParts": 10000,
        "refinedMetal": 0,
        "computerChips": 250,
        "knowledge": 25000,
        "category": "Unique Buildings",
        "unlockedByDefault": false,
        "specialInfo": [
            "unique"
        ]
    },
    {
        "className": "BlossomHippieHQ",
        "name": "Blossom Hippies Center",
        "description": "These hippies love flowers, peace and music. They have a few tasks for you, if you don't mind.",
        "food": 5000,
        "wood": 5000,
        "stone": 0,
        "machineParts": 0,
        "refinedMetal": 50,
        "computerChips": 0,
        "knowledge": 5000,
        "category": "Unique Buildings",
        "unlockedByDefault": false,
        "specialInfo": [
            "unique"
        ],
        "residents": 6,
        "quality": 100,
        "jobs": 6,
        "showUnlockHint": "Build a stack of Botanical Gardens at least twenty buildings high to unlock!",
        "additionalNoteForPeopleReadingThis": "You also need 750 citizens."
    },
    {
        "className": "FestivalHQ",
        "name": "Festival HQ",
        "description": "Organize awesome festivals to entertain your citizens!",
        "food": 0,
        "wood": 100000,
        "stone": 0,
        "machineParts": 0,
        "refinedMetal": 0,
        "computerChips": 0,
        "knowledge": 25000,
        "category": "Unique Buildings",
        "unlockedByDefault": false,
        "specialInfo": [
            "unique"
        ],
        "jobs": 5
    },
    {
        "className": "Supercomputer",
        "name": "Supercomputer",
        "description": "Produces knowledge based on the amount of lab employees in your city. Also allows you to research some city upgrades.",
        "food": 0,
        "wood": 0,
        "stone": 10000,
        "machineParts": 1000,
        "refinedMetal": 2000,
        "computerChips": 1000,
        "knowledge": 10000,
        "category": "Unique Buildings",
        "unlockedByDefault": false,
        "specialInfo": ["unique"]
    },
    {
        "className": "TreeHuggerBase",
        "name": "Tree Hugger Base",
        "description": "Who wouldn't hug this tree?",
        "food": 100,
        "wood": 100,
        "stone": 0,
        "machineParts": 0,
        "refinedMetal": 0,
        "computerChips": 0,
        "knowledge": 5000,
        "category": "Unique Buildings",
        "unlockedByDefault": false,
        "specialInfo": ["unique"],
        "buttonBack": "spr_treehuggerbase",
        "residents": 3,
        "quality": 100
    },
    {
        "className": "FossilMuseum",
        "name": "Museum of Space Fossils",
        "description": "Fossils found by the Fossil Detector are displayed here. Improves the education of visitors. Workers produce knowledge based on the number of fossils you found.",
        "food": 0,
        "wood": 1000,
        "stone": 1000,
        "machineParts": 0,
        "refinedMetal": 0,
        "computerChips": 1,
        "knowledge": 25000,
        "category": "Unique Buildings",
        "unlockedByDefault": false,
        "specialInfo": ["unique"],
        "jobs": 3
    },
    {
        "className": "StatueOfHappiness",
        "name": "Statue of Happiness",
        "description": "Your citizens' reward for reaching 100 happiness!",
        "food": 0,
        "wood": 0,
        "stone": 0,
        "machineParts": 0,
        "refinedMetal": 0,
        "computerChips": 0,
        "knowledge": 0,
        "category": "Unique Buildings",
        "unlockedByDefault": false,
        "specialInfo": ["unique"],
        "buttonBack": "spr_statueofhappiness_bg"
    },
    {
        "className": "StatueOfTheKey",
        "name": "Statue of the Key",
        "description": "The birthday gift of a Secret Society of the Key member who reached the respectable age of 500!",
        "food": 0,
        "wood": 0,
        "stone": 0,
        "machineParts": 0,
        "refinedMetal": 0,
        "computerChips": 0,
        "knowledge": 0,
        "category": "Unique Buildings",
        "unlockedByDefault": false,
        "specialInfo": ["unique"],
        "buttonBack": "spr_statueofthekey_bg"
    },
    {
        "className": "Beacon",
        "name": "The Beacon",
        "description": "Your citizens' reward for keeping them really happy for a while!",
        "food": 0,
        "wood": 0,
        "stone": 0,
        "machineParts": 0,
        "refinedMetal": 0,
        "computerChips": 0,
        "knowledge": 0,
        "category": "Unique Buildings",
        "unlockedByDefault": false,
        "specialInfo": ["unique", "rooftop"],
        "showUnlockHint": "Maintain :D or better happiness for at least fourteen days to unlock!"
    },
    {
        "className": "ShadyHome",
        "name": "Shady Home",
        "description": "",
        "food": 10,
        "wood": 0,
        "stone": 100,
        "machineParts": 0,
        "refinedMetal": 0,
        "computerChips": 0,
        "knowledge": 100,
        "category": "Houses",
        "unlockedByDefault": false,
        "specialInfo": [],
        "residents": 8,
        "quality": 55,
        "additionalNoteForPeopleReadingThis": "Cancelled for now; may come back later."
    }
]