[
    {
        "className": "Flowers",
        "name": "Flowers",
        "description": "Flowers improve the happiness of residents. Improves housing quality by 5.",
        "food": 1,
        "wood": 2,
        "stone": 0,
        "machineParts": 0,
        "knowledge": 0
    },
    {
        "className": "MachinePartsFactoryEfficiency",
        "name": "Scrap Metal Recycling",
        "description": "Two stone is now used to make a machine part instead of three.",
        "food": 0,
        "wood": 0,
        "stone": 5,
        "machineParts": 10,
        "knowledge": 20
    },
    {
        "className": "FactoryDisabled",
        "name": "Disable Factory",
        "description": "The factory will fully halt production.",
        "food": 0,
        "wood": 0,
        "stone": 0,
        "machineParts": 0,
        "knowledge": 0
    },
    {
        "className": "StoneUsingFactoryDisabled",
        "name": "Disable Factory",
        "description": "The factory will fully halt production and not use any stone.",
        "food": 0,
        "wood": 0,
        "stone": 0,
        "machineParts": 0,
        "knowledge": 0
    },
    {
        "className": "RefinedStoneUsingFactoryDisabled",
        "name": "Disable Factory",
        "description": "The factory will fully halt production and not use any refined metals.",
        "food": 0,
        "wood": 0,
        "stone": 0,
        "machineParts": 0,
        "knowledge": 0
    },
    {
        "className": "MachinePartsFactoryTurbo",
        "name": "Turbo Boost",
        "description": "The factory will work twice as fast, but also use two more stone per machine part.",
        "food": 0,
        "wood": 0,
        "stone": 0,
        "machineParts": 0,
        "knowledge": 10
    },
    {
        "className": "RefinedMetalsFactoryHack",
        "name": "Firmware Modding",
        "description": "The factory will work 50% faster, but also use one more stone per unit of refined metal produced.",
        "food": 0,
        "wood": 0,
        "stone": 0,
        "machineParts": 0,
        "computerChips": 0,
        "knowledge": 1337,
        "unlockedByDefault": false
    },
    {
        "className": "FactoryWorking",
        "name": "Enable Factory",
        "description": "The factory will work normally.",
        "food": 0,
        "wood": 0,
        "stone": 0,
        "machineParts": 0,
        "knowledge": 0
    },
    {
        "className": "LabWorking",
        "name": "Enable Lab",
        "description": "The lab will work normally.",
        "food": 0,
        "wood": 0,
        "stone": 0,
        "machineParts": 0,
        "knowledge": 0
    },
    {
        "className": "LabDisabled",
        "name": "Disable Lab",
        "description": "The lab will not use any machine parts nor produce knowledge. It can still boost Refined Metal Factories.",
        "food": 0,
        "wood": 0,
        "stone": 0,
        "machineParts": 0,
        "knowledge": 0
    },
    {
        "className": "LiteratureReviews",
        "name": "Literature Reviews",
        "description": "The lab will not use any machine parts, but its knowledge output is halved. It can still boost Refined Metal Factories.",
        "food": 0,
        "wood": 0,
        "stone": 0,
        "machineParts": 0,
        "knowledge": 1000
    },
    {
        "className": "FarmingResearch",
        "name": "Genetic Crop Engineering",
        "description": "Crops of adjacent farms produce 10 more food per harvest.",
        "food": 0,
        "wood": 30,
        "stone": 0,
        "machineParts": 10,
        "knowledge": 30
    },
    {
        "className": "TreePlantationResearch",
        "name": "Tree Growth Gas",
        "description": "Trees in adjacent tree plantations grow 20% faster.",
        "food": 0,
        "wood": 10,
        "stone": 0,
        "machineParts": 20,
        "knowledge": 70
    },
    {
        "className": "BetterPickaxes",
        "name": "Better Pickaxes",
        "description": "Use better pickaxes to improve mining speed by 20%.",
        "food": 0,
        "wood": 3,
        "stone": 3,
        "machineParts": 0,
        "knowledge": 3
    },
    {
        "className": "AIMining",
        "name": "AI-assisted Mining",
        "description": "Use a computer system to improve mining speed by 30%.",
        "food": 0,
        "wood": 0,
        "stone": 0,
        "machineParts": 0,
        "computerChips": 10,        
        "knowledge": 1500,
        "unlockedByDefault": false
    },
    {
        "className": "DieShrink",
        "name": "Die Shrink",
        "description": "The factory will work 50% faster and use two less units of refined metals per computer chip.",
        "food": 0,
        "wood": 0,
        "stone": 0,
        "machineParts": 50,
        "computerChips": 5,
        "refinedMetal": 10,
        "knowledge": 1000
    },
    {
        "className": "BetterLightShow",
        "name": "Better Light Show",
        "description": "The entertainment capacity of the building will be doubled.",
        "food": 0,
        "wood": 0,
        "stone": 0,
        "machineParts": 20,
        "computerChips": 2,
        "refinedMetal": 0,
        "knowledge": 100
    },
    {
        "className": "MedicalEducation",
        "name": "Improved Medical Education",
        "description": "The quality of this building will be increased by 25% of the education happiness.",
        "food": 100,
        "wood": 10,
        "stone": 0,
        "machineParts": 0,
        "computerChips": 0,
        "refinedMetal": 0,
        "knowledge": 100
    },
    {
        "className": "AIAssistedDiagnosis",
        "name": "Computer-Aided Diagnosis",
        "description": "The quality of this building will be increased by 25 and its capacity will be doubled.",
        "food": 0,
        "wood": 0,
        "stone": 20,
        "machineParts": 50,
        "computerChips": 25,
        "refinedMetal": 0,
        "knowledge": 1000
    },
    {
        "className": "StoneTeleporterRemote",
        "name": "Remote Control",
        "description": "The worker of the rock teleporter can teleport stone even if they're somewhere else. This allows them to help mine stone as well.",
        "food": 0,
        "wood": 0,
        "stone": 0,
        "machineParts": 2,
        "computerChips": 5,
        "refinedMetal": 0,
        "knowledge": 500
    },
    {
        "className": "BiggerTV",
        "name": "Bigger TV",
        "description": "Improves housing quality by 5. Adds capacity for one resident.",
        "food": 0,
        "wood": 0,
        "stone": 2,
        "machineParts": 0,
        "computerChips": 1,
        "knowledge": 100
    },
    {
        "className": "ModernHomePlant",
        "name": "Air-Cleaning Plant",
        "description": "A plant that's been cultivated to be extremely good at cleaning the air. Improves housing quality by 10 and makes residents live longer.",
        "food": 20,
        "wood": 10,
        "stone": 0,
        "machineParts": 0,
        "knowledge": 500
    },
    {
        "className": "HeatedBed",
        "name": "Heated Bed",
        "description": "Improves housing quality by 20.",
        "food": 0,
        "wood": 10,
        "stone": 0,
        "machineParts": 5,
        "computerChips": 1,
        "knowledge": 750
    },
    {
        "className": "SmartChairs",
        "name": "Smart Chairs",
        "description": "Improves housing quality by 10.",
        "food": 0,
        "wood": 4,
        "stone": 0,
        "machineParts": 4,
        "computerChips": 4,
        "knowledge": 1000
    },
    {
        "className": "ModernConveniences",
        "name": "Modern Conveniences",
        "description": "Improves housing quality by 15.",
        "food": 0,
        "wood": 5,
        "stone": 0,
        "machineParts": 5,
        "computerChips": 0,
        "refinedMetal": 2,
        "knowledge": 100
    },
    {
        "className": "WorkshopKnowledge",
        "name": "Pet Projects",
        "description": "Gather knowledge.",
        "food": 0,
        "wood": 0,
        "stone": 0,
        "machineParts": 0,
        "knowledge": 0
    },
    {
        "className": "WorkshopMachineParts",
        "name": "Craft Machine Parts",
        "description": "Create machine parts from wood.",
        "food": 0,
        "wood": 0,
        "stone": 0,
        "machineParts": 0,
        "knowledge": 0
    },
    {
        "className": "StarDatabase",
        "name": "Star Database",
        "description": "This building produces 50% more knowledge. If the Precise Universe Mapping upgrade from the Supercomputer has been researched, it produces 500% more knowledge instead.",
        "food": 0,
        "wood": 0,
        "stone": 5,
        "machineParts": 0,
        "computerChips": 5,
        "knowledge": 100
    },
    {
        "className": "SofterBeds",
        "name": "Extremely Soft Beds",
        "description": "Improves housing quality by 10.",
        "food": 12,
        "wood": 6,
        "stone": 0,
        "machineParts": 0,        
        "knowledge": 50
    },
    {
        "className": "BoardGameCollection",
        "name": "Board Game Collection",
        "description": "Improves housing quality by 15.",
        "food": 5,
        "wood": 4,
        "stone": 0,
        "machineParts": 0,
        "knowledge": 150
    },
    {
        "className": "SmartLights",
        "name": "Smart Lights",
        "description": "Improves housing quality by 15.",
        "food": 0,
        "wood": 0,
        "stone": 0,
        "machineParts": 0,
        "computerChips": 1,
        "refinedMetal": 5,
        "knowledge": 200
    },
    {
        "className": "LivingComputer",
        "name": "Living Computer",
        "description": "Improves housing quality by 20.",
        "food": 25,
        "wood": 50,
        "stone": 0,
        "machineParts": 0,
        "computerChips": 1,
        "knowledge": 2000,
        "unlockedByDefault": false
    },
    {
        "className": "BetterTools",
        "name": "Better Tools",
        "description": "Improves housing quality by 20.",
        "food": 0,
        "wood": 0,
        "stone": 0,
        "machineParts": 10,
        "computerChips": 2,
        "refinedMetal": 6,
        "knowledge": 3000
    },
    {
        "className": "MisdirectorNormal",
        "name": "Enable",
        "description": "The Misdirector is predictably unpredictable.",
        "food": 0,
        "wood": 0,
        "stone": 0,
        "machineParts": 0,
        "knowledge": 0
    },
    {
        "className": "MisdirectorAlways",
        "name": "Overclock",
        "description": "Any attempt at teleportation will bring people here. Perfect to stop excess productivity.\nThe knowledge gain per misdirection is reduced by 90% because the device is overloaded.",
        "food": 0,
        "wood": 0,
        "stone": 0,
        "machineParts": 0,
        "knowledge": 5000
    },
    {
        "className": "MisdirectorMostlyDisabled",
        "name": "Mostly Disable",
        "description": "There's an OFF button. It mostly works.",
        "food": 0,
        "wood": 0,
        "stone": 0,
        "machineParts": 0,
        "knowledge": 0
    },
    {
        "className": "MisdirectorDisabled",
        "name": "Disable",
        "description": "With some effort, the Misdirector can be tamed.",
        "food": 0,
        "wood": 0,
        "stone": 0,
        "machineParts": 0,
        "knowledge": 50000
    },
    {
        "className": "IndoorPond",
        "name": "Indoor Pond",
        "description": "Improves housing quality by 15.",
        "food": 20,
        "wood": 0,
        "stone": 100,
        "machineParts": 0,
        "knowledge": 10000
    },
    {
        "className": "CHProduceStone",
        "name": "Rock",
        "description": "Produce stone.",
        "food": 0,
        "wood": 0,
        "stone": 0,
        "machineParts": 0,
        "knowledge": 0
    },
    {
        "className": "CHProduceWood",
        "name": "Tree",
        "description": "Produce wood.",
        "food": 0,
        "wood": 0,
        "stone": 0,
        "machineParts": 0,
        "knowledge": 0
    },
    {
        "className": "CHProduceFood",
        "name": "Crops",
        "description": "Produce food.",
        "food": 0,
        "wood": 0,
        "stone": 0,
        "machineParts": 0,
        "knowledge": 0
    },
    {
        "className": "PickaxeTech",
        "name": "Peer-Reviewed Pickaxe Part Papers",
        "description": "The boost to stone production is increased and scales faster with knowledge production.",
        "food": 0,
        "wood": 0,
        "stone": 0,
        "machineParts": 0,
        "computerChips": 25,
        "knowledge": 2500,
        "unlockedByDefault": false
    },
    {
        "className": "FossilScanner",
        "name": "Fossil Detector",
        "description": "Whenever a rock teleporter teleports a meteoroid, there is a tiny chance that a fossil is detected in it. When this happens, you gain 10000 knowledge.",
        "food": 0,
        "wood": 0,
        "stone": 0,
        "machineParts": 0,
        "computerChips": 2000,
        "knowledge": 150000,
        "unlockedByDefault": false
    },
    {
        "className": "UltimateScrewdriver",
        "name": "Ultra-High-Tech Screwdriver",
        "description": "You gain two more knowledge for each machine part used.",
        "food": 0,
        "wood": 0,
        "stone": 1,
        "machineParts": 1,
        "computerChips": 5,
        "knowledge": 10000,
        "unlockedByDefault": true
    },
    {
        "className": "AutomaticWaterManagement",
        "name": "Automatic Water Management",
        "description": "The passive growth speed of these trees is tripled.",
        "food": 0,
        "wood": 0,
        "stone": 0,
        "machineParts": 5,
        "computerChips": 5,
        "knowledge": 5000,
        "unlockedByDefault": false
    }
]